date,last,open,max,min,volume,delta
03.04.2024,3200.5,3194.0,3206.5,3170.0,965880.0,0.0046
02.04.2024,3186.0,3210.0,3221.5,3166.0,2190000.0,-0.0059
01.04.2024,3205.0,3166.0,3218.5,3166.0,2340000.0,0.013300000000000001
29.03.2024,3163.0,3125.0,3191.5,3124.0,1680000.0,0.0141
28.03.2024,3119.0,3163.0,3165.0,3106.5,1110000.0,-0.011399999999999999
27.03.2024,3155.0,3140.5,3173.0,3127.5,2270000.0,0.0062
26.03.2024,3135.5,3102.0,3165.0,3102.0,2670000.0,0.0128
25.03.2024,3096.0,3030.0,3114.5,3013.0,2680000.0,0.0279
22.03.2024,3012.0,3075.0,3129.0,2980.0,4019999.9999999995,-0.0179
21.03.2024,3067.0,3152.0,3181.5,3051.0,4470000.0,-0.0262
20.03.2024,3149.5,3250.0,3342.5,3036.0,15400000.0,-0.0317
19.03.2024,3252.5,3050.0,3286.0,3031.0,10500000.0,0.0605
18.03.2024,3067.0,2997.0,3090.0,2872.5,13380000.0,0.0033
15.02.2024,3057.0,3101.0,3117.5,3011.5,428520.0,-0.0148
14.02.2024,3103.0,3109.5,3150.0,3075.0,417470.0,-0.0021
13.02.2024,3109.5,3063.0,3124.0,3021.0,407170.0,0.0175
12.02.2024,3056.0,3070.0,3105.0,2980.0,940560.0,-0.0033
09.02.2024,3066.0,3145.0,3145.5,3060.0,472760.0,-0.025099999999999997
08.02.2024,3145.0,3279.5,3298.0,3056.0,1260000.0,-0.0404
07.02.2024,3277.5,3199.5,3279.0,3186.0,445070.0,0.0258
06.02.2024,3195.0,3180.0,3207.0,3177.0,181750.0,0.0063
05.02.2024,3175.0,3157.5,3186.0,3131.0,234930.0,0.0055000000000000005
02.02.2024,3157.5,3186.5,3192.0,3147.5,160010.0,-0.0088
01.02.2024,3185.5,3180.0,3209.0,3170.0,240200.0,0.0008
31.01.2024,3183.0,3219.5,3248.0,3176.0,438000.0,-0.0113
30.01.2024,3219.5,3170.5,3225.0,3133.0,607690.0,0.0182
29.01.2024,3162.0,3100.0,3164.0,3094.5,486290.0,0.0223
26.01.2024,3093.0,3076.5,3104.5,3060.0,453110.0,0.0077
25.01.2024,3069.5,3096.5,3099.0,3011.0,575860.0,-0.0024
24.01.2024,3077.0,3110.0,3119.0,3065.0,271310.0,-0.0098
23.01.2024,3107.5,3140.0,3142.0,3090.0,365310.0,-0.008100000000000001
22.01.2024,3133.0,3108.5,3133.5,3062.5,381980.0,0.0079
19.01.2024,3108.5,3148.0,3157.0,3076.0,545210.0,-0.0125
18.01.2024,3148.0,3180.0,3218.0,3139.0,486460.0,-0.0113
17.01.2024,3184.0,3271.0,3273.0,3153.5,868050.0,-0.026600000000000002
16.01.2024,3271.0,3441.0,3441.0,3219.0,1230000.0,-0.0452
15.01.2024,3426.0,3373.0,3443.5,3340.5,589990.0,0.021
12.01.2024,3355.5,3277.0,3363.0,3254.0,404950.0,0.0236
11.01.2024,3278.0,3301.0,3306.5,3221.5,287080.0,-0.004699999999999999
10.01.2024,3293.5,3305.0,3329.5,3290.0,181930.0,-0.0003
09.01.2024,3294.5,3262.0,3317.0,3221.5,303490.0,0.0137
08.01.2024,3250.0,3242.0,3289.0,3237.5,175260.0,0.0043
05.01.2024,3236.0,3270.0,3270.0,3206.5,119790.0,-0.0077
04.01.2024,3261.0,3287.0,3292.0,3251.0,149100.0,-0.0073
03.01.2024,3285.0,3230.0,3293.5,3210.5,195120.0,0.0232
29.12.2023,3210.5,3202.0,3237.0,3185.5,201960.0,-0.0003
28.12.2023,3211.5,3195.5,3218.0,3115.0,414230.0,0.009000000000000001
27.12.2023,3183.0,3088.0,3187.5,3085.0,464580.0,0.0319
26.12.2023,3084.5,3099.0,3099.5,3062.0,235850.0,0.0
25.12.2023,3084.5,3032.0,3096.0,3032.0,513080.00000000006,0.0173
22.12.2023,3032.0,3007.0,3039.0,3007.0,157660.0,0.0086
21.12.2023,3006.0,3048.0,3053.5,2987.0,244210.0,-0.0144
20.12.2023,3050.0,3073.5,3086.0,3033.0,247970.0,-0.0076
19.12.2023,3073.5,3020.0,3114.5,3009.0,355150.0,0.0177
18.12.2023,3020.0,3009.5,3048.5,2977.0,608200.0,0.006999999999999999
15.12.2023,2999.0,2990.0,3026.0,2930.0,508100.0,0.003
14.12.2023,2990.0,3040.0,3087.0,2974.0,510380.0,-0.0088
13.12.2023,3016.5,3009.0,3085.5,2981.5,228780.0,-0.0064
12.12.2023,3036.0,2932.0,3097.5,2900.5,549860.0,0.0341
11.12.2023,2936.0,3106.0,3111.5,2912.0,453670.0,-0.0546
08.12.2023,3105.5,3110.0,3144.0,3083.5,193380.0,-0.001
07.12.2023,3108.5,3078.0,3128.5,3070.0,273740.0,0.0096
06.12.2023,3079.0,3234.0,3234.0,3055.0,456030.0,-0.044500000000000005
05.12.2023,3222.5,3255.0,3275.0,3170.5,380600.0,-0.006500000000000001
04.12.2023,3243.5,3298.0,3298.0,3227.5,318160.0,-0.0168
01.12.2023,3299.0,3345.0,3367.5,3290.5,200480.0,-0.013500000000000002
30.11.2023,3344.0,3417.0,3421.0,3305.5,375480.0,-0.021099999999999997
29.11.2023,3416.0,3435.0,3470.0,3410.5,164340.0,-0.0040999999999999995
28.11.2023,3430.0,3440.0,3454.0,3390.5,195390.0,-0.0007000000000000001
27.11.2023,3432.5,3473.0,3497.5,3415.0,246590.0,-0.0105
24.11.2023,3469.0,3464.5,3486.5,3434.0,213940.0,0.0013
23.11.2023,3464.5,3543.0,3546.0,3450.0,312510.0,-0.018600000000000002
22.11.2023,3530.0,3511.0,3569.0,3503.0,731600.0,0.0074
21.11.2023,3504.0,3472.0,3539.0,3455.0,814690.0,0.0113
20.11.2023,3465.0,3425.0,3488.5,3408.0,707660.0,0.017
17.11.2023,3407.0,3393.5,3444.0,3368.0,365740.0,0.0034999999999999996
16.11.2023,3395.0,3420.5,3454.5,3390.0,198220.0,-0.0066
15.11.2023,3417.5,3422.0,3448.0,3367.5,230070.0,-0.0012
14.11.2023,3421.5,3490.0,3490.0,3407.0,219160.0,-0.0174
13.11.2023,3482.0,3471.0,3495.0,3436.0,311060.0,0.0003
10.11.2023,3481.0,3530.0,3608.0,3476.0,545500.0,-0.010700000000000001
09.11.2023,3518.5,3544.0,3555.0,3505.0,272320.0,-0.0070999999999999995
08.11.2023,3543.5,3525.0,3571.0,3513.5,441680.0,0.0070999999999999995
07.11.2023,3518.5,3435.0,3529.0,3430.5,396410.0,0.0245
06.11.2023,3434.5,3416.0,3441.5,3415.5,103150.0,0.0051
03.11.2023,3417.0,3430.0,3444.5,3401.5,160730.0,-0.0022
02.11.2023,3424.5,3468.5,3477.0,3420.0,208870.0,-0.0060999999999999995
01.11.2023,3445.5,3410.5,3498.5,3390.0,286380.0,0.0086
31.10.2023,3416.0,3392.0,3428.5,3352.0,226520.0,0.0074
30.10.2023,3391.0,3428.5,3460.0,3374.0,200520.0,-0.0101
27.10.2023,3425.5,3450.0,3468.0,3401.0,314290.0,-0.0068000000000000005
26.10.2023,3449.0,3498.0,3509.0,3441.0,264070.0,-0.0139
25.10.2023,3497.5,3490.0,3520.0,3471.5,273390.0,0.0042
24.10.2023,3483.0,3481.0,3505.0,3452.5,243960.0,0.0007000000000000001
23.10.2023,3480.5,3505.0,3520.0,3462.0,232170.0,-0.0043
20.10.2023,3495.5,3538.5,3541.5,3471.0,359400.0,-0.0108
19.10.2023,3533.5,3472.0,3550.0,3462.0,486920.0,0.0177
18.10.2023,3472.0,3521.0,3527.5,3437.0,413370.0,-0.012
17.10.2023,3514.0,3510.0,3535.0,3486.0,381490.0,0.0013
16.10.2023,3509.5,3498.0,3520.0,3452.0,508240.0,0.009899999999999999
13.10.2023,3475.0,3408.0,3503.5,3395.0,761010.0,0.0248
12.10.2023,3391.0,3315.0,3431.5,3301.0,328440.0,0.0197
11.10.2023,3325.5,3395.0,3418.5,3307.0,455780.0,-0.019
10.10.2023,3390.0,3353.0,3408.0,3335.0,322820.0,0.011000000000000001
09.10.2023,3353.0,3348.0,3380.0,3327.0,432760.0,0.0089
06.10.2023,3323.5,3289.0,3345.0,3265.0,443890.0,0.0131
05.10.2023,3280.5,3291.0,3306.0,3269.5,384730.0,0.0008
04.10.2023,3278.0,3267.5,3311.5,3264.0,475440.0,0.0032
03.10.2023,3267.5,3255.0,3297.0,3201.0,432940.0,0.0038
02.10.2023,3255.0,3260.0,3280.0,3240.0,313750.0,-0.0011
29.09.2023,3258.5,3306.0,3309.0,3231.5,503520.0,-0.0118
28.09.2023,3297.5,3290.0,3327.0,3264.5,391520.0,0.003
27.09.2023,3287.5,3289.0,3335.0,3261.5,494510.0,0.0060999999999999995
26.09.2023,3267.5,3267.5,3316.5,3222.0,278080.0,-0.0018
25.09.2023,3273.5,3310.0,3318.5,3234.5,259610.0,-0.0118
22.09.2023,3312.5,3268.5,3323.5,3225.0,301680.0,0.0161
21.09.2023,3260.0,3364.0,3394.0,3251.0,358590.0,-0.030899999999999997
20.09.2023,3364.0,3348.5,3380.0,3241.0,550310.0,0.0027
19.09.2023,3355.0,3505.0,3505.0,3337.0,535330.0,-0.0398
18.09.2023,3494.0,3535.0,3576.0,3485.5,334280.0,-0.009399999999999999
15.09.2023,3527.0,3468.0,3545.0,3463.0,450750.0,0.018600000000000002
14.09.2023,3462.5,3529.0,3532.5,3406.0,447770.0,-0.0166
13.09.2023,3521.0,3596.0,3609.5,3502.5,318410.0,-0.0204
12.09.2023,3594.5,3475.0,3613.5,3470.5,427290.0,0.040999999999999995
11.09.2023,3453.0,3504.0,3557.0,3441.0,376660.0,-0.0115
08.09.2023,3493.0,3545.0,3566.5,3456.5,420460.0,-0.0131
07.09.2023,3539.5,3652.5,3660.0,3503.0,758590.0,-0.0288
06.09.2023,3644.5,3741.0,3741.0,3622.0,648700.0,-0.0258
05.09.2023,3741.0,3758.5,3809.5,3705.0,762950.0,-0.005600000000000001
04.09.2023,3762.0,3650.0,3780.0,3644.0,807730.0,0.0337
01.09.2023,3639.5,3672.0,3678.0,3612.5,367890.0,-0.0084
31.08.2023,3670.5,3556.5,3677.0,3547.0,855930.0,0.0326
30.08.2023,3554.5,3577.5,3583.0,3522.5,296710.0,-0.0039000000000000003
29.08.2023,3568.5,3590.0,3631.0,3525.5,698120.0,-0.0045000000000000005
28.08.2023,3584.5,3535.0,3585.0,3521.0,466340.0,0.0215
25.08.2023,3509.0,3530.0,3545.5,3475.5,443130.0,-0.005699999999999999
24.08.2023,3529.0,3558.0,3587.0,3495.0,438880.0,-0.008199999999999999
23.08.2023,3558.0,3612.5,3636.0,3509.5,703620.0,-0.0148
22.08.2023,3611.5,3624.5,3624.5,3541.0,448200.0,-0.0014000000000000002
21.08.2023,3616.5,3611.0,3650.0,3563.0,555640.0,0.0068000000000000005
18.08.2023,3592.0,3560.0,3600.0,3506.5,357420.0,0.0121
17.08.2023,3549.0,3512.0,3565.0,3440.0,324970.0,0.0146
16.08.2023,3498.0,3576.0,3611.5,3397.0,479950.0,-0.0215
15.08.2023,3575.0,3573.0,3665.0,3537.0,472790.0,-0.0046
14.08.2023,3591.5,3762.5,3784.0,3575.0,656300.0,-0.037000000000000005
11.08.2023,3729.5,3692.0,3779.5,3640.5,765640.0,0.012199999999999999
10.08.2023,3684.5,3540.5,3686.0,3520.5,556830.0,0.042699999999999995
09.08.2023,3533.5,3539.0,3574.0,3490.0,257640.0,-0.001
08.08.2023,3537.0,3525.0,3543.0,3430.0,332970.0,0.0034999999999999996
07.08.2023,3524.5,3540.0,3600.0,3486.5,366340.0,0.0018
04.08.2023,3518.0,3648.0,3705.0,3411.0,978590.0,-0.0333
03.08.2023,3639.0,3550.0,3668.0,3527.5,712420.0,0.0262
02.08.2023,3546.0,3520.0,3588.0,3497.0,420820.0,0.0072
01.08.2023,3520.5,3548.0,3567.5,3481.0,507260.0,-0.0073
31.07.2023,3546.5,3403.0,3570.0,3396.0,890790.0,0.0434
28.07.2023,3399.0,3409.5,3410.0,3371.5,166160.0,-0.0012
27.07.2023,3403.0,3430.0,3458.0,3370.0,314910.0,-0.0060999999999999995
26.07.2023,3424.0,3445.0,3459.5,3382.5,383560.0,-0.006999999999999999
25.07.2023,3448.0,3400.0,3450.0,3390.5,311920.0,0.0144
24.07.2023,3399.0,3379.5,3404.5,3371.0,238610.0,0.0083
21.07.2023,3371.0,3309.0,3378.5,3286.0,349130.0,0.0184
20.07.2023,3310.0,3466.0,3466.0,3275.0,859170.0,-0.044500000000000005
19.07.2023,3464.0,3482.0,3488.5,3440.0,217680.0,-0.0052
18.07.2023,3482.0,3477.5,3496.0,3439.5,301270.0,0.0027
17.07.2023,3472.5,3352.5,3477.0,3350.0,421570.0,0.0222
14.07.2023,3397.0,3378.0,3400.0,3340.0,178170.0,0.0077
13.07.2023,3371.0,3410.5,3418.5,3333.0,277420.0,-0.0085
12.07.2023,3400.0,3422.0,3445.0,3381.5,307840.0,-0.0053
11.07.2023,3418.0,3369.5,3419.0,3336.5,405330.0,0.0167
10.07.2023,3362.0,3230.0,3369.0,3227.0,521049.99999999994,0.0425
07.07.2023,3225.0,3258.5,3258.5,3205.0,144490.0,-0.008
06.07.2023,3251.0,3273.0,3287.0,3232.0,199410.0,-0.0037
05.07.2023,3263.0,3231.0,3279.0,3221.5,206860.0,0.0165
04.07.2023,3210.0,3249.0,3267.5,3095.5,431460.0,-0.006500000000000001
03.07.2023,3231.0,3285.0,3300.0,3211.0,277490.0,-0.0149
30.06.2023,3280.0,3311.0,3325.0,3266.0,145490.0,-0.0073
29.06.2023,3304.0,3300.0,3409.0,3236.5,443070.0,0.0024
28.06.2023,3296.0,3314.5,3339.0,3280.5,187470.0,-0.0038
27.06.2023,3308.5,3314.0,3368.0,3272.5,403640.0,0.0046
26.06.2023,3293.5,3300.0,3406.5,3180.0,908830.0,0.0208
23.06.2023,3226.5,3340.0,3346.0,3171.0,645010.0,-0.038
22.06.2023,3354.0,3387.5,3390.5,3328.0,161580.0,-0.0097
21.06.2023,3387.0,3411.0,3418.0,3356.5,231640.0,-0.0051
20.06.2023,3404.5,3458.0,3488.0,3365.0,325500.0,-0.0169
19.06.2023,3463.0,3520.0,3566.0,3410.5,388730.0,-0.015600000000000001
16.06.2023,3518.0,3566.5,3566.5,3471.0,267960.0,-0.0069
15.06.2023,3542.5,3576.0,3657.5,3482.5,829170.0,-0.003
14.06.2023,3553.0,3454.0,3579.5,3439.0,516700.00000000006,0.0347
13.06.2023,3434.0,3359.0,3440.0,3348.5,301690.0,0.028900000000000002
09.06.2023,3337.5,3369.0,3464.0,3310.0,532380.0,-0.0036
08.06.2023,3349.5,3277.0,3366.0,3266.0,301660.0,0.0209
07.06.2023,3281.0,3260.0,3309.5,3225.0,244080.0,0.0102
06.06.2023,3248.0,3210.0,3285.0,3108.5,359610.0,0.0074
05.06.2023,3224.0,3345.0,3370.0,3207.0,352830.0,-0.0339
02.06.2023,3337.0,3287.0,3349.0,3271.5,255970.0,0.0152
01.06.2023,3287.0,3318.5,3387.5,3262.5,289670.0,-0.0092
31.05.2023,3317.5,3325.0,3370.5,3207.0,435980.0,-0.0033
30.05.2023,3328.5,3324.0,3426.5,3283.5,535580.0,-0.026000000000000002
29.05.2023,3417.5,3229.5,3466.5,3229.0,765010.0,0.0623
26.05.2023,3217.0,3178.0,3261.0,3140.0,340950.0,0.0126
25.05.2023,3177.0,3240.0,3242.5,3130.0,344510.0,-0.0155
24.05.2023,3227.0,3150.5,3305.0,3150.5,961070.0,0.0279
23.05.2023,3139.5,3200.0,3206.0,3067.0,588350.0,-0.018600000000000002
22.05.2023,3199.0,3007.0,3199.0,2999.5,824760.0,0.0784
19.05.2023,2966.5,3000.0,3025.0,2910.5,502670.0,-0.0197
18.05.2023,3026.0,2990.0,3075.0,2972.0,662490.0,0.0192
17.05.2023,2969.0,2899.0,2998.0,2863.0,708060.0,0.026600000000000002
16.05.2023,2892.0,2790.0,2914.0,2775.5,455160.0,0.042199999999999994
15.05.2023,2775.0,2680.0,2775.0,2680.0,313170.0,0.0393
12.05.2023,2670.0,2685.0,2705.0,2651.0,111020.0,-0.0019
11.05.2023,2675.0,2732.0,2745.5,2600.5,317180.0,-0.0158
10.05.2023,2718.0,2625.0,2720.0,2613.5,204260.0,0.0414
08.05.2023,2610.0,2618.0,2639.0,2593.5,70250.0,-0.0021
05.05.2023,2615.5,2660.0,2665.5,2610.5,126150.0,-0.0139
04.05.2023,2652.5,2639.5,2685.0,2622.0,169660.0,0.0089
03.05.2023,2629.0,2679.0,2723.0,2602.0,368150.0,-0.0187
02.05.2023,2679.0,2760.0,2799.0,2592.5,431220.0,-0.027200000000000002
28.04.2023,2754.0,2782.5,2839.0,2700.0,586350.0,-0.0085
27.04.2023,2777.5,2701.0,2780.0,2690.0,534660.0,0.031200000000000002
26.04.2023,2693.5,2690.0,2709.0,2682.0,134160.0,0.0024
25.04.2023,2687.0,2718.5,2720.5,2677.0,138470.0,-0.0085
24.04.2023,2710.0,2693.0,2734.0,2681.5,184840.0,0.0074
21.04.2023,2690.0,2696.5,2716.0,2675.0,139740.0,0.0
20.04.2023,2690.0,2694.0,2714.5,2626.0,240460.0,0.002
19.04.2023,2684.5,2740.0,2740.0,2670.5,248320.0,-0.0183
18.04.2023,2734.5,2753.0,2760.0,2707.0,203020.0,-0.0036
17.04.2023,2744.5,2700.0,2764.5,2685.0,307110.0,0.026000000000000002
14.04.2023,2675.0,2660.0,2690.0,2626.0,166450.0,0.008100000000000001
13.04.2023,2653.5,2658.0,2684.5,2615.0,135960.0,-0.0019
12.04.2023,2658.5,2652.0,2697.0,2641.0,238430.0,0.006999999999999999
11.04.2023,2640.0,2769.0,2769.0,2603.0,606010.0,-0.0379
10.04.2023,2744.0,2640.0,2750.0,2628.0,665100.0,0.048499999999999995
07.04.2023,2617.0,2499.0,2628.0,2491.0,622100.0,0.0472
06.04.2023,2499.0,2504.0,2514.5,2486.0,144130.0,-0.0014000000000000002
05.04.2023,2502.5,2505.5,2505.5,2481.5,120030.0,-0.0008
04.04.2023,2504.5,2504.0,2543.5,2477.0,314840.0,0.0018
03.04.2023,2500.0,2499.5,2510.0,2483.0,148980.0,0.0054
31.03.2023,2486.5,2515.0,2521.0,2470.0,162110.0,-0.0111
30.03.2023,2514.5,2501.0,2517.0,2492.5,111550.0,0.002
29.03.2023,2509.5,2489.5,2533.5,2480.0,199720.0,0.0088
28.03.2023,2487.5,2510.0,2510.5,2470.0,117160.0,-0.005
27.03.2023,2500.0,2470.0,2506.0,2462.5,170980.0,0.0154
24.03.2023,2462.0,2484.5,2485.0,2452.5,94400.0,-0.008100000000000001
23.03.2023,2482.0,2487.0,2496.0,2480.0,65840.0,-0.0016
22.03.2023,2486.0,2493.0,2505.5,2475.0,100250.0,-0.0028000000000000004
21.03.2023,2493.0,2545.5,2553.0,2483.5,265680.0,-0.0171
20.03.2023,2536.5,2510.0,2550.0,2479.5,376130.0,0.0126
17.03.2023,2505.0,2457.0,2535.0,2444.0,308900.0,0.024300000000000002
16.03.2023,2445.5,2497.0,2497.0,2390.5,330270.0,-0.0187
15.03.2023,2492.0,2543.0,2567.0,2466.0,363200.0,-0.0187
14.03.2023,2539.5,2535.5,2593.5,2514.0,464150.0,0.0059
13.03.2023,2524.5,2530.0,2550.0,2510.0,148240.0,0.0006
10.03.2023,2523.0,2528.0,2530.0,2502.0,109390.0,-0.0036
09.03.2023,2532.0,2550.0,2555.0,2526.0,73870.0,-0.0040999999999999995
07.03.2023,2542.5,2538.5,2546.5,2528.0,68960.0,0.0016
06.03.2023,2538.5,2548.5,2569.5,2530.0,135720.0,0.0018
03.03.2023,2534.0,2510.0,2554.0,2507.5,125440.0,0.0092
02.03.2023,2511.0,2542.5,2552.0,2493.0,245450.0,-0.0189
01.03.2023,2559.5,2570.0,2575.0,2534.0,129990.00000000001,-0.0031
28.02.2023,2567.5,2555.0,2589.5,2551.0,183650.0,0.0086
27.02.2023,2545.5,2384.5,2550.5,2305.0,798000.0,-0.036699999999999997
24.02.2023,2642.5,2477.0,2655.0,2465.0,565980.0,0.0662
22.02.2023,2478.5,2527.0,2527.0,2451.5,150510.0,-0.015300000000000001
21.02.2023,2517.0,2494.0,2549.5,2459.5,270520.0,0.016399999999999998
20.02.2023,2476.5,2483.0,2496.5,2410.0,184210.0,-0.0026
17.02.2023,2483.0,2513.0,2513.5,2464.5,129509.99999999999,-0.0058
16.02.2023,2497.5,2500.0,2549.0,2471.5,248940.0,0.0169
15.02.2023,2456.0,2599.0,2629.5,2422.0,648490.0,-0.0922
14.02.2023,2705.5,2747.0,2748.0,2637.0,192360.0,-0.0149
13.02.2023,2746.5,2740.0,2761.0,2740.0,95820.0,0.0
10.02.2023,2746.5,2740.0,2767.0,2736.0,127340.0,0.0002
09.02.2023,2746.0,2748.0,2769.0,2731.5,119530.0,0.0007000000000000001
08.02.2023,2744.0,2749.5,2761.0,2705.5,223740.0,0.0007000000000000001
07.02.2023,2742.0,2793.0,2809.5,2732.5,224040.0,-0.0176
06.02.2023,2791.0,2755.0,2798.0,2752.0,174500.0,0.0144
03.02.2023,2751.5,2746.0,2759.0,2725.0,119390.0,0.0022
02.02.2023,2745.5,2755.0,2769.5,2715.0,145200.0,-0.0025
01.02.2023,2752.5,2774.0,2798.0,2727.0,265880.0,-0.006999999999999999
31.01.2023,2772.0,2698.0,2777.0,2688.0,301110.0,0.0291
30.01.2023,2693.5,2684.5,2695.0,2668.0,111680.0,0.0067
27.01.2023,2675.5,2656.5,2678.0,2650.0,82150.0,0.0040999999999999995
26.01.2023,2664.5,2688.0,2688.0,2651.5,111800.0,-0.0070999999999999995
25.01.2023,2683.5,2698.5,2698.5,2653.0,105220.0,-0.005600000000000001
24.01.2023,2698.5,2715.0,2734.0,2696.5,146670.0,-0.0009
23.01.2023,2701.0,2684.0,2720.0,2683.5,124840.0,0.009000000000000001
20.01.2023,2677.0,2641.5,2697.5,2628.0,100480.0,0.0138
19.01.2023,2640.5,2666.0,2686.5,2635.0,91630.0,-0.0138
18.01.2023,2677.5,2682.5,2704.5,2661.0,98970.0,-0.0006
17.01.2023,2679.0,2738.0,2738.0,2671.5,150220.0,-0.021400000000000002
16.01.2023,2737.5,2749.0,2760.0,2719.5,156280.0,0.0064
13.01.2023,2720.0,2688.0,2745.0,2675.0,221020.0,0.0128
12.01.2023,2685.5,2699.0,2700.0,2659.0,166090.0,-0.0026
11.01.2023,2692.5,2658.0,2700.0,2658.0,168190.0,0.0134
10.01.2023,2657.0,2601.5,2674.0,2587.0,254100.0,0.0172
09.01.2023,2612.0,2559.5,2625.0,2559.5,186000.0,0.0223
06.01.2023,2555.0,2577.0,2583.0,2550.0,59800.0,-0.0074
05.01.2023,2574.0,2589.0,2593.0,2562.0,48770.0,-0.005
04.01.2023,2587.0,2592.0,2615.0,2571.0,104470.0,-0.0012
03.01.2023,2590.0,2550.5,2600.0,2545.5,92570.0,0.0197
30.12.2022,2540.0,2551.0,2563.5,2521.0,98530.0,-0.0096
29.12.2022,2564.5,2584.0,2586.5,2552.5,110100.0,-0.0064
28.12.2022,2581.0,2618.0,2639.0,2550.5,226350.0,-0.0128
27.12.2022,2614.5,2569.0,2638.0,2559.0,244450.0,0.021099999999999997
26.12.2022,2560.5,2555.0,2574.0,2545.5,117690.0,0.0043
23.12.2022,2549.5,2573.5,2577.0,2540.0,117270.0,-0.008
22.12.2022,2570.0,2523.0,2592.0,2516.0,229760.0,0.019
21.12.2022,2522.0,2564.0,2594.0,2501.0,181990.0,-0.0125
20.12.2022,2554.0,2440.0,2570.0,2440.0,223160.0,0.0378
19.12.2022,2461.0,2507.0,2509.5,2435.0,194090.0,-0.0174
16.12.2022,2504.5,2483.5,2527.5,2480.0,119860.0,0.0032
15.12.2022,2496.5,2493.0,2549.5,2471.5,226370.0,0.0024
14.12.2022,2490.5,2556.5,2566.0,2484.0,190780.0,-0.024700000000000003
13.12.2022,2553.5,2593.5,2626.0,2512.5,313850.0,-0.0105
12.12.2022,2580.5,2485.0,2612.0,2471.0,326040.0,0.0435
09.12.2022,2473.0,2513.5,2530.0,2420.5,273080.0,-0.022099999999999998
08.12.2022,2529.0,2599.5,2615.0,2493.0,324340.0,-0.0217
07.12.2022,2585.0,2630.0,2632.5,2539.0,255900.0,-0.0182
06.12.2022,2633.0,2733.5,2737.0,2609.5,250490.0,-0.0316
05.12.2022,2719.0,2681.0,2750.0,2667.5,235450.0,0.013999999999999999
02.12.2022,2681.5,2705.0,2706.0,2665.5,84080.0,-0.0087
01.12.2022,2705.0,2733.5,2736.0,2682.0,109950.0,-0.0066
30.11.2022,2723.0,2699.0,2733.5,2670.0,153190.0,0.0115
29.11.2022,2692.0,2669.0,2699.5,2648.0,109790.0,0.0178
28.11.2022,2645.0,2672.0,2682.0,2631.0,204510.0,-0.0173
25.11.2022,2691.5,2725.5,2731.5,2671.0,217960.0,-0.0125
24.11.2022,2725.5,2735.0,2765.0,2714.5,217900.0,-0.0011
23.11.2022,2728.5,2816.0,2818.0,2662.0,669100.0,-0.025
22.11.2022,2798.5,2805.0,2824.0,2770.5,313140.0,0.0002
21.11.2022,2798.0,2835.0,2855.5,2710.5,583070.0,-0.0070999999999999995
18.11.2022,2818.0,2791.0,2829.5,2775.0,395980.0,0.0126
17.11.2022,2783.0,2753.0,2785.0,2745.0,303150.0,0.013300000000000001
16.11.2022,2746.5,2702.0,2768.5,2680.0,391010.0,0.0292
15.11.2022,2668.5,2800.0,2800.0,2550.5,869670.0,-0.0434
14.11.2022,2789.5,2691.0,2799.0,2682.0,521169.99999999994,0.0424
11.11.2022,2676.0,2679.5,2708.0,2610.0,486440.0,0.0015
10.11.2022,2672.0,2540.0,2689.0,2530.0,785680.0,0.0601
09.11.2022,2520.5,2592.0,2615.5,2450.0,355020.0,-0.03
08.11.2022,2598.5,2603.0,2620.0,2551.0,362910.0,-0.0006
07.11.2022,2600.0,2560.0,2608.0,2528.5,249780.0,0.0322
03.11.2022,2519.0,2538.0,2569.5,2490.0,257329.99999999997,-0.0067
02.11.2022,2536.0,2619.5,2628.0,2501.5,283730.0,-0.0298
01.11.2022,2614.0,2633.0,2657.5,2531.0,558180.0,-0.0023
31.10.2022,2620.0,2521.0,2630.0,2510.5,506360.0,0.0467
28.10.2022,2503.0,2497.0,2506.5,2468.0,172660.0,0.0024
27.10.2022,2497.0,2507.0,2520.0,2482.0,262410.0,-0.0012
26.10.2022,2500.0,2520.0,2543.0,2460.0,289760.0,-0.0079
25.10.2022,2520.0,2477.5,2550.0,2442.0,421820.0,0.0215
24.10.2022,2467.0,2473.5,2534.5,2414.5,334080.0,0.0033
21.10.2022,2459.0,2513.0,2513.0,2374.5,749890.0,-0.0176
20.10.2022,2503.0,2619.0,2647.0,2466.5,671120.0,-0.0406
19.10.2022,2609.0,2601.0,2635.0,2530.5,300450.0,-0.0060999999999999995
18.10.2022,2625.0,2710.0,2759.0,2600.5,399110.0,-0.0285
17.10.2022,2702.0,2599.0,2709.0,2574.0,364650.0,0.052000000000000005
14.10.2022,2568.5,2620.0,2637.5,2506.0,262070.0,-0.0138
13.10.2022,2604.5,2510.0,2630.0,2492.5,397630.0,0.0401
12.10.2022,2504.0,2527.5,2544.5,2466.0,176580.0,0.0032
11.10.2022,2496.0,2491.5,2526.5,2451.0,229250.0,0.005
10.10.2022,2483.5,2192.0,2490.0,2192.0,416120.0,0.046799999999999994
07.10.2022,2372.5,2525.0,2525.0,2301.0,373280.0,-0.059699999999999996
06.10.2022,2523.0,2569.5,2666.0,2454.0,510760.0,-0.013300000000000001
05.10.2022,2557.0,2650.0,2650.0,2430.0,425260.0,-0.031400000000000004
04.10.2022,2640.0,2666.0,2700.0,2536.0,500780.0,0.0015
03.10.2022,2636.0,2412.0,2637.5,2390.5,515650.0,0.1104
30.09.2022,2374.0,2309.0,2420.0,2117.0,562310.0,0.0362
29.09.2022,2291.0,2425.0,2465.5,2255.5,391170.0,-0.0434
28.09.2022,2395.0,2418.0,2525.0,2331.5,434420.0,-0.0075
27.09.2022,2413.0,2160.0,2466.0,2160.0,625120.0,0.1463
26.09.2022,2105.0,2500.0,2500.0,2105.0,671780.0,-0.1752
23.09.2022,2552.0,2830.0,2838.0,2490.0,484060.0,-0.08529999999999999
22.09.2022,2790.0,2662.0,2910.5,2662.0,504810.0,0.0479
21.09.2022,2662.5,2509.5,2755.0,2271.5,672570.0,-0.0426
20.09.2022,2781.0,3223.5,3240.5,2602.0,1350000.0,-0.1277
19.09.2022,3188.0,3110.0,3192.0,3110.0,293270.0,0.0264
16.09.2022,3106.0,3041.0,3150.0,2594.0,538230.0,0.024900000000000002
15.09.2022,3030.5,3015.0,3050.0,2979.5,241100.0,0.012199999999999999
14.09.2022,2994.0,3024.0,3024.5,2868.0,369790.0,-0.0053
13.09.2022,3010.0,2980.0,3050.0,2954.5,588780.0,0.0203
12.09.2022,2950.0,2799.0,2965.0,2799.0,548050.0,0.058499999999999996
09.09.2022,2787.0,2765.0,2820.5,2722.5,185920.0,0.0067
08.09.2022,2768.5,2721.0,2876.5,2680.0,615340.0,0.020099999999999996
07.09.2022,2714.0,2690.0,2736.0,2594.0,172730.0,0.0165
06.09.2022,2670.0,2774.0,2774.0,2490.0,325100.0,-0.0305
05.09.2022,2754.0,2770.0,2783.0,2710.5,103410.0,-0.0045000000000000005
02.09.2022,2766.5,2748.5,2810.0,2733.0,185240.0,0.0102
01.09.2022,2738.5,2730.0,2750.0,2705.5,145100.0,0.0096
31.08.2022,2712.5,2689.0,2750.0,2642.0,202560.0,0.0089
30.08.2022,2688.5,2730.0,2790.0,2684.0,392640.0,-0.0098
29.08.2022,2715.0,2627.5,2723.0,2612.0,238990.0,0.0323
26.08.2022,2630.0,2650.0,2658.0,2590.0,122480.0,0.0015
25.08.2022,2626.0,2549.0,2677.0,2453.0,424090.0,0.018000000000000002
24.08.2022,2579.5,2750.0,2799.0,2555.0,973010.0,-0.0506
23.08.2022,2717.0,2720.0,2800.0,2604.0,459010.0,-0.0011
22.08.2022,2720.0,2720.0,2895.5,2552.5,1280000.0,0.0074
19.08.2022,2700.0,2480.5,2700.0,2454.5,588100.0,0.08869999999999999
18.08.2022,2480.0,2440.0,2504.0,2420.0,258790.00000000003,0.0204
17.08.2022,2430.5,2420.0,2555.0,2411.5,615230.0,0.0062
16.08.2022,2415.5,2253.0,2440.0,2253.0,360890.0,0.0726
15.08.2022,2252.0,2250.0,2290.0,2180.0,253740.0,0.009899999999999999
12.08.2022,2230.0,2169.0,2280.0,2080.0,364590.0,0.0375
11.08.2022,2149.5,2065.0,2172.0,2061.5,440830.0,0.051100000000000007
10.08.2022,2045.0,1942.0,2050.0,1925.0,296980.0,0.0665
09.08.2022,1917.5,1919.5,1919.5,1883.5,84270.0,0.0137
08.08.2022,1891.5,1940.0,1940.0,1878.0,99830.0,0.0175
05.08.2022,1859.0,1874.0,1940.0,1840.0,169460.0,-0.005600000000000001
04.08.2022,1869.5,1848.0,1878.0,1827.5,82850.0,0.0182
03.08.2022,1836.0,1813.0,1886.0,1813.0,104560.0,0.0144
02.08.2022,1810.0,1850.0,1906.5,1807.5,134780.0,-0.0395
01.08.2022,1884.5,1959.0,1959.0,1865.0,130860.00000000001,-0.0336
29.07.2022,1950.0,1948.0,1993.0,1931.5,98970.0,0.0013
28.07.2022,1947.5,1985.0,1987.0,1930.5,100800.0,-0.0079
27.07.2022,1963.0,2022.5,2022.5,1928.0,157740.0,-0.0158
26.07.2022,1994.5,1990.0,2038.5,1930.0,251050.0,0.0127
25.07.2022,1969.5,1876.0,1969.5,1857.0,206900.0,0.0623
22.07.2022,1854.0,1761.0,1891.0,1760.0,225560.0,0.054000000000000006
21.07.2022,1759.0,1771.0,1786.5,1704.5,107380.0,-0.0068000000000000005
20.07.2022,1771.0,1815.5,1845.0,1756.0,136220.0,-0.023399999999999997
19.07.2022,1813.5,1876.0,1876.0,1800.0,85330.0,-0.0333
18.07.2022,1876.0,1935.0,1935.0,1850.0,123750.0,-0.0134
15.07.2022,1901.5,1873.5,1909.0,1845.0,117790.0,0.011699999999999999
14.07.2022,1879.5,1902.0,1932.5,1865.0,81360.0,-0.008199999999999999
13.07.2022,1895.0,1949.5,1987.0,1863.0,150570.0,-0.025
12.07.2022,1943.5,1975.0,1994.0,1892.0,117870.0,-0.0184
11.07.2022,1980.0,2021.0,2090.5,1970.0,159040.0,-0.016399999999999998
08.07.2022,2013.0,2053.0,2053.0,1957.0,115450.0,-0.0089
07.07.2022,2031.0,2100.5,2135.0,2014.0,121200.0,-0.0329
06.07.2022,2100.0,2073.0,2149.5,2052.5,226330.0,0.029900000000000003
05.07.2022,2039.0,1980.0,2095.0,1980.0,321610.0,0.0134
04.07.2022,2012.0,1870.0,2020.0,1867.0,293750.0,0.08109999999999999
01.07.2022,1861.0,1795.0,1877.0,1731.5,148100.0,0.0316
30.06.2022,1804.0,1805.5,1818.5,1675.0,337020.0,-0.0033
29.06.2022,1810.0,1930.0,1949.0,1751.5,477860.0,-0.060700000000000004
28.06.2022,1927.0,1695.0,1934.5,1661.0,503870.0,0.1525
27.06.2022,1672.0,1630.0,1674.0,1623.0,121850.0,0.0226
24.06.2022,1635.0,1655.5,1662.5,1621.0,96330.0,-0.0118
23.06.2022,1654.5,1659.0,1690.5,1620.5,166660.0,0.0033
22.06.2022,1649.0,1680.0,1680.0,1621.0,121270.0,-0.0143
21.06.2022,1673.0,1740.0,1765.0,1668.5,169460.0,-0.0301
20.06.2022,1725.0,1676.5,1734.0,1671.0,218670.0,0.0292
17.06.2022,1676.0,1749.5,1794.5,1655.0,232790.0,-0.0351
16.06.2022,1737.0,1678.0,1740.0,1661.0,201370.0,0.0518
15.06.2022,1651.5,1589.0,1669.5,1580.0,193740.0,0.0341
14.06.2022,1597.0,1690.0,1690.0,1593.0,288910.0,-0.0611
10.06.2022,1701.0,1777.0,1780.0,1690.5,242280.0,-0.042800000000000005
09.06.2022,1777.0,1888.5,1896.0,1747.5,281910.0,-0.057800000000000004
08.06.2022,1886.0,1879.0,1944.5,1867.0,178280.0,0.0143
07.06.2022,1859.5,1900.0,1913.0,1800.0,239290.0,-0.0213
06.06.2022,1900.0,2010.0,2010.0,1853.0,259640.0,-0.058499999999999996
03.06.2022,2018.0,2112.0,2123.5,2000.0,154740.0,-0.041299999999999996
02.06.2022,2105.0,2128.5,2128.5,2086.5,73100.0,-0.0026
01.06.2022,2110.5,2112.0,2158.0,2075.0,114220.0,-0.0005
31.05.2022,2111.5,2150.0,2162.0,2085.5,121600.0,-0.024300000000000002
30.05.2022,2164.0,2212.0,2234.0,2148.0,171990.0,-0.0168
27.05.2022,2201.0,2232.0,2247.5,2161.0,182580.0,-0.0088
26.05.2022,2220.5,2160.0,2245.0,2160.0,262890.0,0.0302
25.05.2022,2155.5,2150.0,2180.0,2088.0,203900.0,0.0042
24.05.2022,2146.5,2110.0,2225.5,2041.0,244100.0,0.008199999999999999
23.05.2022,2129.0,2225.0,2240.0,2105.0,153360.0,-0.0296
20.05.2022,2194.0,2238.0,2305.0,2142.0,257860.0,-0.019
19.05.2022,2236.5,2400.0,2400.0,2205.0,325700.0,-0.0689
18.05.2022,2402.0,2432.0,2549.5,2360.0,475510.0,0.0092
17.05.2022,2380.0,2247.5,2380.0,2190.5,246820.0,0.0892
16.05.2022,2185.0,2147.0,2229.0,2133.0,202580.0,0.0258
13.05.2022,2130.0,2052.0,2183.0,2045.0,254470.0,0.0482
12.05.2022,2032.0,2249.5,2259.0,2013.5,250240.0,-0.0951
11.05.2022,2245.5,2304.0,2349.0,2187.0,221360.0,-0.0254
06.05.2022,2304.0,2497.5,2497.5,2257.5,270590.0,-0.060700000000000004
05.05.2022,2453.0,2420.0,2533.0,2405.5,258829.99999999997,0.0212
04.05.2022,2402.0,2558.0,2666.5,2391.0,358740.0,-0.079
29.04.2022,2608.0,2965.0,3030.0,2557.0,628680.0,-0.0341
28.04.2022,2700.0,2554.5,2950.0,2500.0,1270000.0,0.07139999999999999
27.04.2022,2520.0,2092.5,2690.5,2030.0,778720.0,0.21559999999999999
26.04.2022,2073.0,1880.0,2138.0,1870.0,424630.0,0.08650000000000001
25.04.2022,1908.0,2185.0,2228.5,1908.0,458350.0,-0.1595
22.04.2022,2270.0,2519.5,2560.0,2260.0,320230.0,-0.08650000000000001
21.04.2022,2485.0,2595.0,2648.0,2455.5,204090.0,-0.0405
20.04.2022,2590.0,2506.0,2775.0,2424.0,442030.0,0.0197
19.04.2022,2540.0,2731.0,2731.0,2350.5,635170.0,-0.0669
18.04.2022,2722.0,3002.0,3069.0,2710.0,250730.0,-0.09050000000000001
15.04.2022,2993.0,3009.0,3030.0,2901.0,138520.0,-0.005600000000000001
14.04.2022,3010.0,3200.0,3200.0,2985.0,199860.0,-0.051100000000000007
13.04.2022,3172.0,3260.0,3260.0,3139.0,91970.0,-0.013999999999999999
12.04.2022,3217.0,3279.0,3309.0,3062.5,178580.0,-0.0159
11.04.2022,3269.0,3280.0,3434.5,3215.0,165820.0,-0.0017000000000000001
08.04.2022,3274.5,3460.0,3548.0,3151.0,322990.0,-0.056299999999999996
07.04.2022,3470.0,3505.0,3594.5,3450.0,226810.0,-0.0086
06.04.2022,3500.0,3605.0,3623.0,3430.0,243500.0,-0.027999999999999997
05.04.2022,3601.0,3748.5,3791.0,3360.0,492910.0,-0.0172
04.04.2022,3664.0,3600.0,3812.0,3312.5,661390.0,0.047
01.04.2022,3499.5,3350.0,3678.0,3331.5,763960.0,0.0545
31.03.2022,3318.5,3002.0,3393.5,2930.0,742480.0,0.11359999999999999
30.03.2022,2980.0,3100.0,3180.0,2900.5,362140.0,-0.0033
29.03.2022,2990.0,3140.0,3649.5,2867.5,771380.0,-0.021099999999999997
25.02.2022,3054.5,2664.0,3852.5,2559.0,2800000.0,0.0049
24.02.2022,3039.5,4059.5,4059.5,1732.5,2690000.0,-0.32280000000000003
22.02.2022,4488.5,4400.0,4615.5,4007.5,2790000.0,0.003
21.02.2022,4475.0,4850.0,5110.0,4351.0,2860000.0,-0.0719
18.02.2022,4821.5,5151.0,5294.0,4663.5,1520000.0,-0.0632
17.02.2022,5147.0,5490.0,5497.5,5108.0,1120000.0,-0.0622
16.02.2022,5488.5,5550.0,5690.0,5355.0,1450000.0,-0.005600000000000001
15.02.2022,5519.5,5235.5,5645.0,5232.0,1800000.0,0.056799999999999996
14.02.2022,5223.0,5260.0,5498.0,4920.0,1640000.0,-0.0172
11.02.2022,5314.5,5810.0,5958.0,5309.0,1620000.0,-0.091
10.02.2022,5846.5,5702.0,6058.0,5442.0,1730000.0,0.026099999999999998
09.02.2022,5698.0,5067.0,5741.0,5035.0,1510000.0,0.1244
08.02.2022,5067.5,5035.0,5095.0,4879.5,600680.0,0.0125
07.02.2022,5005.0,5209.5,5262.0,4973.0,389570.0,-0.0346
04.02.2022,5184.5,5271.5,5396.5,5082.5,548840.0,-0.0096
03.02.2022,5235.0,5503.5,5565.0,5117.5,663010.0,-0.0574
02.02.2022,5554.0,5680.0,5717.5,5470.5,555370.0,-0.0196
01.02.2022,5665.0,5590.0,5718.0,5525.0,702710.0,0.013999999999999999
31.01.2022,5587.0,5477.0,5649.8,5465.0,631400.0,0.030600000000000002
28.01.2022,5421.2,5440.0,5749.6,5329.0,1210000.0,0.0039000000000000003
27.01.2022,5400.0,5080.0,5524.8,4962.4,1300000.0,0.060899999999999996
26.01.2022,5089.8,4980.0,5247.0,4773.0,1170000.0,0.0278
25.01.2022,4952.0,4615.0,5013.0,4486.0,1230000.0,0.0765
24.01.2022,4600.0,4826.0,4960.0,4390.0,1050000.0,-0.0472
21.01.2022,4828.0,4819.0,4989.6,4720.0,724570.0,0.0011
20.01.2022,4822.8,4650.0,5016.0,4511.8,1180000.0,0.037200000000000004
19.01.2022,4650.0,4733.0,4952.0,4403.6,2270000.0,-0.0148
18.01.2022,4720.0,5307.0,5307.8,4636.8,1500000.0,-0.10859999999999999
17.01.2022,5295.0,5520.0,5625.0,5045.4,1150000.0,-0.039
14.01.2022,5509.8,5832.6,5926.2,5299.6,1470000.0,-0.0554
13.01.2022,5832.8,6192.0,6240.0,5666.0,911430.0,-0.0581
12.01.2022,6192.8,5960.0,6222.4,5893.0,471800.0,0.0417
11.01.2022,5945.0,5839.0,6027.4,5794.6,358100.0,0.0197
10.01.2022,5830.0,5760.0,5902.0,5737.0,315680.0,0.0049
06.01.2022,5801.6,5810.0,5984.8,5712.4,535260.0,-0.0006
05.01.2022,5805.0,6279.6,6280.0,5805.0,392150.0,-0.07339999999999999
04.01.2022,6264.6,6400.0,6480.8,6202.0,407070.0,-0.015700000000000002
03.01.2022,6364.4,6148.0,6382.4,6112.4,249580.0,0.0403
30.12.2021,6118.0,5940.0,6162.6,5902.6,406760.0,0.0264
29.12.2021,5960.8,6099.8,6146.0,5880.0,345230.0,-0.0227
28.12.2021,6099.0,6013.2,6209.8,5953.0,286370.0,0.0143
27.12.2021,6013.2,5991.6,6095.8,5926.4,190710.0,0.0036
24.12.2021,5991.8,5989.4,6030.0,5855.0,164130.0,0.0032
23.12.2021,5972.8,5965.0,6035.0,5870.0,241220.0,0.0021
22.12.2021,5960.0,6129.8,6159.8,5960.0,365020.0,-0.023799999999999998
21.12.2021,6105.0,6014.0,6274.0,5985.0,430630.0,0.016399999999999998
20.12.2021,6006.2,6097.8,6138.8,5830.0,277110.0,-0.0184
17.12.2021,6119.0,6149.4,6186.2,6020.0,355210.0,0.001
16.12.2021,6112.6,6170.0,6300.0,5980.0,768510.0,-0.0045000000000000005
15.12.2021,6140.2,5982.4,6186.0,5866.0,349960.0,0.0285
14.12.2021,5970.0,5890.0,6047.8,5400.6,663530.0,0.0085
13.12.2021,5919.8,6330.0,6444.8,5870.0,730860.0,-0.061900000000000004
10.12.2021,6310.2,6360.0,6392.0,6113.2,432560.0,-0.0019
09.12.2021,6322.4,6212.0,6523.0,6020.0,671400.0,0.0123
08.12.2021,6245.4,6599.8,6750.0,6141.0,829890.0,-0.0484
07.12.2021,6563.0,6659.0,6913.0,6315.0,992200.0,-0.0174
06.12.2021,6679.0,7351.8,7407.6,6629.4,612950.0,-0.086
03.12.2021,7307.6,7271.0,7405.0,7220.0,341410.0,0.011899999999999999
02.12.2021,7222.0,7477.0,7519.6,7175.4,366240.0,-0.018500000000000003
01.12.2021,7358.0,7255.4,7542.2,7175.0,789460.0,0.034300000000000004
30.11.2021,7114.0,6741.0,7245.0,6529.0,976950.0,0.0253
29.11.2021,6938.2,6950.0,7098.8,6814.2,437630.0,0.0187
26.11.2021,6811.0,7000.0,7150.0,6780.2,556610.0,-0.0621
25.11.2021,7262.0,6935.2,7324.6,6903.6,573420.0,0.054299999999999994
24.11.2021,6888.0,7071.0,7355.8,6827.0,864510.0,-0.0227
23.11.2021,7048.0,6600.0,7050.0,6308.2,1190000.0,0.0653
22.11.2021,6615.8,7075.0,7150.0,6537.6,869730.0,-0.0675
19.11.2021,7094.4,7420.0,7480.0,7032.2,517130.0,-0.039
18.11.2021,7382.0,7225.0,7460.0,7150.0,370290.0,0.019299999999999998
17.11.2021,7242.2,7450.0,7450.0,7217.0,447990.0,-0.0207
16.11.2021,7395.6,7465.0,7541.8,7142.4,533300.0,-0.0036
15.11.2021,7422.6,7335.0,7681.8,7335.0,660270.0,0.0121
12.11.2021,7334.0,7559.0,7559.0,7230.0,421720.0,-0.0232
11.11.2021,7508.0,7670.0,7780.0,7312.0,760770.0,-0.0191
10.11.2021,7654.2,7983.6,8180.0,7605.0,538750.0,-0.041299999999999996
09.11.2021,7983.6,8400.0,8474.2,7876.6,398130.0,-0.0433
08.11.2021,8345.0,8005.0,8518.4,8005.0,508180.0,0.039900000000000005
05.11.2021,8025.0,7900.0,8040.2,7760.0,281550.0,0.0219
03.11.2021,7852.8,7899.0,7944.0,7702.0,211380.0,-0.0018
02.11.2021,7867.0,7824.8,7970.0,7700.0,318540.0,0.0098
01.11.2021,7790.8,7324.8,7816.0,7304.2,413400.0,0.0658
29.10.2021,7310.0,7469.0,7469.0,7185.4,216210.0,-0.011699999999999999
28.10.2021,7396.8,7268.0,7420.0,7208.0,301510.0,0.0177
27.10.2021,7268.0,7347.8,7449.2,7067.0,400780.0,-0.0058
26.10.2021,7310.2,7648.8,7648.8,7300.0,272760.0,-0.0381
25.10.2021,7600.0,7660.0,7754.0,7500.0,201950.0,-0.0078000000000000005
22.10.2021,7660.0,7860.6,7909.8,7642.4,180090.0,-0.0246
21.10.2021,7853.0,7858.2,7924.2,7815.2,194660.0,0.0037
20.10.2021,7824.4,7847.8,7944.0,7770.0,322990.0,0.0025
19.10.2021,7805.0,7728.0,7836.6,7485.2,281270.0,0.0105
18.10.2021,7724.0,7849.8,7945.2,7700.2,293830.0,-0.0123
15.10.2021,7820.2,7820.0,7893.8,7678.6,248440.0,0.0068000000000000005
14.10.2021,7767.6,7644.0,7924.6,7542.2,550160.0,0.0207
13.10.2021,7610.4,7360.0,7677.6,7290.0,720130.0,0.0381
12.10.2021,7331.4,7197.8,7361.0,7132.8,332120.0,0.0174
11.10.2021,7206.0,7170.0,7225.0,7051.0,226790.0,0.0070999999999999995
08.10.2021,7155.0,7158.0,7244.4,7063.2,272130.0,0.0021
07.10.2021,7140.0,7000.0,7236.0,6996.0,410180.0,0.022000000000000002
06.10.2021,6986.2,6890.0,7011.2,6783.8,509510.0,0.022099999999999998
05.10.2021,6835.0,6690.0,6884.8,6660.0,295810.0,0.0252
04.10.2021,6667.2,6788.0,6943.0,6650.0,425390.0,-0.016399999999999998
01.10.2021,6778.6,6654.0,6822.0,6572.2,390890.0,0.0227
30.09.2021,6628.4,6404.0,6689.0,6332.0,435230.0,0.0354
29.09.2021,6402.0,6173.0,6423.8,6173.0,256950.0,0.033
28.09.2021,6197.2,6468.0,6471.0,6170.0,363340.0,-0.0391
27.09.2021,6449.4,6599.0,6614.2,6402.8,242400.0,-0.0176
24.09.2021,6565.0,6715.2,6721.4,6505.8,176680.0,-0.0191
23.09.2021,6693.0,6733.4,6737.8,6643.4,91510.0,0.0018
22.09.2021,6681.0,6680.0,6778.4,6631.0,206870.0,-0.0009
21.09.2021,6687.0,6747.6,6750.0,6590.2,225810.0,-0.005699999999999999
20.09.2021,6725.0,6750.0,6827.2,6560.2,281910.0,-0.0022
17.09.2021,6740.0,6550.2,6800.0,6550.0,381210.0,0.0285
16.09.2021,6553.0,6497.0,6634.0,6369.0,484400.0,0.0102
15.09.2021,6486.8,6666.8,6679.8,6412.0,379940.0,-0.0227
14.09.2021,6637.2,6800.0,6830.0,6530.0,271040.0,-0.0231
13.09.2021,6794.0,6850.0,6856.0,6642.4,268200.0,-0.0014000000000000002
10.09.2021,6803.2,6792.6,6880.6,6739.4,199300.0,0.0076
09.09.2021,6752.2,6696.0,6854.0,6578.4,320670.0,0.0074
08.09.2021,6702.8,6940.0,6940.0,6660.4,336070.0,-0.0282
07.09.2021,6897.0,6999.6,7037.0,6863.2,235810.0,-0.0092
06.09.2021,6961.2,7039.6,7083.4,6863.6,276960.0,-0.0055000000000000005
03.09.2021,6999.4,6980.0,7072.2,6890.6,500940.0,0.0019
02.09.2021,6986.0,6890.0,7021.2,6716.0,503350.0,0.013999999999999999
01.09.2021,6889.4,6453.0,6926.8,6453.0,537290.0,0.0678
31.08.2021,6452.2,6580.0,6631.4,6416.0,481350.0,-0.0225
30.08.2021,6600.8,6667.6,6725.0,6564.6,238840.0,-0.0049
27.08.2021,6633.0,6830.4,6830.4,6475.6,532550.0,-0.0256
26.08.2021,6807.0,7034.4,7065.0,6666.0,385880.0,-0.028300000000000002
25.08.2021,7005.4,7001.8,7130.0,6964.2,156160.0,-0.0034000000000000002
24.08.2021,7029.0,7043.2,7083.4,6906.2,216200.0,0.0037
23.08.2021,7003.2,6897.0,7056.0,6874.4,207030.0,0.0232
20.08.2021,6844.4,7023.2,7080.0,6771.8,288380.0,-0.0199
19.08.2021,6983.4,7186.2,7329.6,6843.4,436470.0,-0.0318
18.08.2021,7213.0,7468.8,7499.0,7120.0,382800.0,-0.0297
17.08.2021,7433.8,7223.0,7436.0,7188.0,339420.0,0.0305
16.08.2021,7213.6,7069.0,7249.0,7029.0,266020.0,0.0236
13.08.2021,7047.0,7016.0,7059.8,6988.8,85190.0,0.0031
12.08.2021,7025.2,7032.0,7084.0,6961.4,186610.0,-0.0003
11.08.2021,7027.0,7050.0,7095.8,6951.4,212390.0,-0.005
10.08.2021,7062.2,6940.0,7104.6,6923.4,306840.0,0.019799999999999998
09.08.2021,6925.0,6750.0,6983.2,6702.0,305600.0,0.026099999999999998
06.08.2021,6749.0,6760.0,6875.0,6674.0,306070.0,0.0003
05.08.2021,6747.2,6569.0,6761.8,6524.6,338000.0,0.031
04.08.2021,6544.2,6420.0,6577.0,6382.0,255810.0,0.0199
03.08.2021,6416.6,6150.0,6449.2,6127.0,273240.0,0.04
02.08.2021,6169.8,6100.0,6255.0,6025.0,228190.0,0.0092
30.07.2021,6113.8,6364.4,6368.0,5970.0,367430.0,-0.0383
29.07.2021,6357.0,6314.0,6400.0,6250.0,345230.0,0.0068000000000000005
28.07.2021,6314.0,6455.0,6492.0,6218.4,207580.0,-0.0248
27.07.2021,6474.8,6660.0,6768.0,6356.0,255080.0,-0.0278
26.07.2021,6660.0,6519.0,6666.0,6420.0,185220.0,0.021
23.07.2021,6523.2,6525.0,6557.8,6461.4,129990.00000000001,0.0006
22.07.2021,6519.0,6518.0,6570.0,6406.8,173780.0,0.006
21.07.2021,6480.0,6430.4,6565.0,6410.4,195950.0,0.0109
20.07.2021,6410.2,6414.8,6467.0,6325.0,159750.0,0.0049
19.07.2021,6379.0,6400.0,6495.0,6250.0,211250.0,-0.0051
16.07.2021,6412.0,6397.2,6591.0,6330.2,342800.0,0.003
15.07.2021,6393.0,6306.0,6460.0,6187.0,212700.0,0.0138
14.07.2021,6306.0,6519.4,6539.8,6112.4,551870.0,-0.0339
13.07.2021,6527.4,6810.0,6828.0,6455.0,392330.0,-0.039599999999999996
12.07.2021,6796.6,6657.4,6802.6,6626.8,250570.0,0.0259
09.07.2021,6625.0,6694.8,6720.6,6568.2,178080.0,-0.0072
08.07.2021,6673.0,6719.4,6719.4,6551.2,237210.0,-0.0011
07.07.2021,6680.6,6753.0,6891.0,6621.0,315660.0,-0.0121
06.07.2021,6762.2,6640.0,6991.0,6567.2,659020.0,0.0199
05.07.2021,6630.0,6383.2,6644.0,6383.2,226120.0,0.0387
02.07.2021,6383.2,6302.0,6443.2,6300.8,234660.0,0.005699999999999999
01.07.2021,6347.0,6439.4,6439.4,6271.0,249460.0,-0.0115
30.06.2021,6421.0,6170.0,6479.0,6170.0,350050.0,0.034
29.06.2021,6210.0,6175.0,6265.0,6161.0,185900.0,0.005699999999999999
28.06.2021,6174.8,6136.0,6317.8,6075.4,359980.0,0.008199999999999999
25.06.2021,6124.4,6096.2,6163.8,6013.6,246730.0,-0.0018
24.06.2021,6135.4,5911.0,6250.0,5877.0,440140.0,0.0418
23.06.2021,5889.0,5844.0,5971.6,5703.0,263800.0,0.0139
22.06.2021,5808.0,5726.2,5857.0,5641.6,208290.0,0.0139
21.06.2021,5728.6,5745.0,5773.4,5672.2,192580.0,0.0021
18.06.2021,5716.8,5476.0,5766.0,5446.0,618250.0,0.0509
17.06.2021,5440.0,5470.0,5480.0,5354.0,294160.0,-0.0033
16.06.2021,5458.2,5532.2,5566.2,5402.0,243290.0,-0.0134
15.06.2021,5532.2,5736.4,5769.2,5501.2,289080.0,-0.0349
14.06.2021,5732.2,5700.0,5846.4,5625.0,301860.0,0.0016
11.06.2021,5723.0,5349.0,5806.2,5313.4,515490.0,0.0739
10.06.2021,5329.0,5298.0,5375.0,5234.6,201010.0,0.0055000000000000005
09.06.2021,5300.0,5180.0,5300.0,5164.4,194880.0,0.0271
08.06.2021,5160.0,5194.2,5273.6,5115.0,152550.0,-0.0134
07.06.2021,5230.0,5316.8,5365.0,5162.4,233030.0,-0.0148
04.06.2021,5308.4,5200.0,5328.0,4986.2,584240.0,0.0242
03.06.2021,5183.0,5350.0,5374.8,5110.0,381390.0,-0.0248
02.06.2021,5315.0,5436.0,5505.0,5123.0,708300.0,-0.0287
01.06.2021,5472.2,5549.8,5605.4,5432.4,335800.0,-0.0073
31.05.2021,5512.6,5539.8,5672.2,5439.2,161760.0,0.0039000000000000003
28.05.2021,5491.0,5540.0,5574.0,5422.2,523520.0,-0.0038
27.05.2021,5512.0,5108.4,5669.8,5084.4,1160000.0,0.08130000000000001
26.05.2021,5097.8,4796.0,5137.0,4795.0,359780.0,0.06
25.05.2021,4809.2,4742.0,4820.0,4742.0,141910.0,0.011200000000000002
24.05.2021,4756.0,4738.0,4779.8,4730.0,114160.0,0.0055000000000000005
21.05.2021,4730.2,4678.0,4769.8,4654.4,189660.0,0.0183
20.05.2021,4645.0,4543.4,4683.0,4481.0,236990.0,0.0151
19.05.2021,4575.8,4669.2,4692.6,4515.6,216120.0,-0.0132
18.05.2021,4636.8,4593.2,4675.8,4565.4,175720.0,0.0095
17.05.2021,4593.2,4601.0,4626.4,4500.6,171310.0,-0.0036
14.05.2021,4610.0,4727.6,4756.8,4580.0,131250.0,-0.024900000000000002
13.05.2021,4727.6,4670.0,4767.4,4584.6,201290.0,0.0151
12.05.2021,4657.4,4846.0,4871.8,4635.2,365540.0,-0.0388
11.05.2021,4845.6,4807.2,4878.0,4685.8,294900.0,0.0038
10.05.2021,4827.4,4500.0,4930.0,4500.0,509750.0,0.06709999999999999
07.05.2021,4523.8,4537.2,4548.0,4454.2,152950.0,0.0026
06.05.2021,4512.0,4465.2,4520.0,4392.2,205100.0,0.0128
05.05.2021,4454.8,4450.2,4470.0,4405.0,149750.0,0.0024
04.05.2021,4444.0,4391.0,4446.0,4310.0,236380.0,0.0189
30.04.2021,4361.4,4327.8,4440.0,4260.0,304560.0,0.0098
29.04.2021,4319.0,4420.0,4480.0,4254.0,310040.0,-0.0229
28.04.2021,4420.0,4475.4,4504.2,4345.0,286950.0,-0.0127
27.04.2021,4477.0,4506.2,4584.6,4461.0,264180.0,-0.0103
26.04.2021,4523.8,4485.6,4555.4,4380.0,204010.0,0.013600000000000001
23.04.2021,4463.2,4378.0,4521.8,4363.0,260610.0,0.0192
22.04.2021,4379.0,4354.0,4474.0,4277.0,347010.0,0.005600000000000001
21.04.2021,4354.8,4424.6,4425.0,4248.2,516390.0,-0.016
20.04.2021,4425.4,4560.0,4648.2,4350.0,467520.0,-0.0296
19.04.2021,4560.6,4611.2,4648.0,4509.6,179510.0,-0.0060999999999999995
16.04.2021,4588.8,4379.0,4643.0,4312.4,339830.0,0.0537
15.04.2021,4354.8,4388.0,4422.6,4301.2,220620.0,-0.004699999999999999
14.04.2021,4375.2,4448.0,4448.0,4320.0,314680.0,-0.0168
13.04.2021,4450.0,4560.0,4600.0,4363.6,423960.0,-0.0241
12.04.2021,4560.0,4550.2,4595.0,4470.0,218540.0,0.0003
09.04.2021,4558.8,4523.6,4675.4,4518.0,236500.0,0.003
08.04.2021,4545.0,4591.0,4617.4,4516.2,295410.0,-0.01
07.04.2021,4590.8,4719.2,4721.0,4514.0,401030.0,-0.0233
06.04.2021,4700.4,4730.0,4764.4,4629.2,326970.0,-0.006999999999999999
05.04.2021,4733.6,4737.6,4798.0,4654.2,175280.0,0.008
02.04.2021,4696.2,4596.0,4788.0,4521.2,195690.0,0.0279
01.04.2021,4568.8,4448.0,4615.0,4425.2,372180.0,0.029900000000000003
31.03.2021,4436.0,4515.0,4538.0,4382.0,258130.0,-0.0088
30.03.2021,4475.2,4328.2,4589.0,4322.6,350350.0,0.0337
29.03.2021,4329.2,4324.0,4366.4,4258.0,93310.0,-0.002
26.03.2021,4337.8,4333.8,4456.8,4260.2,228290.0,-0.0005
25.03.2021,4339.8,4265.0,4360.6,4262.6,109600.0,0.011699999999999999
24.03.2021,4289.6,4260.0,4360.0,4240.0,197680.0,0.004699999999999999
23.03.2021,4269.4,4448.0,4448.0,4241.4,200460.0,-0.0352
22.03.2021,4425.0,4328.8,4460.0,4250.0,178040.0,0.0262
19.03.2021,4312.0,4299.8,4342.2,4201.0,283650.0,0.0074
18.03.2021,4280.2,4493.8,4559.4,4252.8,449120.0,-0.047599999999999996
17.03.2021,4494.0,4553.0,4595.4,4380.4,447200.0,-0.0043
16.03.2021,4513.6,4339.0,4625.0,4275.2,809960.0,0.0454
15.03.2021,4317.4,4415.0,4444.8,4251.0,569060.0,0.0018
12.03.2021,4309.8,3920.0,4342.2,3860.0,845970.0,0.10279999999999999
11.03.2021,3908.2,3780.0,3945.0,3615.8,565410.0,0.0407
10.03.2021,3755.4,3773.8,3879.2,3710.2,426090.0,0.002
09.03.2021,3747.8,3760.0,3857.8,3676.4,460270.0,-0.015
05.03.2021,3805.0,3741.2,3911.8,3682.8,443580.0,0.0256
04.03.2021,3710.0,3821.0,3846.2,3636.0,527190.0,-0.028999999999999998
03.03.2021,3820.8,3830.0,3876.0,3801.2,452720.0,-0.0019
02.03.2021,3828.0,3888.0,3949.0,3800.2,424860.0,-0.0154
01.03.2021,3888.0,3900.0,3930.0,3800.0,341810.0,0.008
26.02.2021,3857.0,3860.0,4030.0,3742.4,6950000.0,-0.011000000000000001
25.02.2021,3899.8,3824.8,3970.2,3766.0,1230000.0,0.0196
24.02.2021,3825.0,4095.0,4095.0,3722.2,1690000.0,-0.0875
22.02.2021,4192.0,4274.0,4433.2,4063.8,1600000.0,-0.0134
20.02.2021,4249.0,4106.6,4256.8,4060.0,236180.0,0.0466
19.02.2021,4060.0,3850.0,4094.8,3776.0,1050000.0,0.057
18.02.2021,3841.0,3875.2,3995.0,3794.0,1040000.0,-0.0151
17.02.2021,3900.0,3784.0,3973.0,3740.0,1070000.0,0.0377
16.02.2021,3758.4,3599.8,3776.0,3543.2,603440.0,0.0446
15.02.2021,3598.0,3618.0,3674.8,3495.0,638080.0,0.011000000000000001
12.02.2021,3559.0,3492.8,3560.0,3458.8,453710.0,0.008
11.02.2021,3530.6,3626.0,3628.0,3503.8,495260.0,-0.0178
10.02.2021,3594.6,3576.2,3691.0,3511.0,1680000.0,0.0345
09.02.2021,3474.6,3429.6,3495.0,3300.2,671000.0,0.0219
08.02.2021,3400.0,3260.2,3409.6,3260.0,394470.0,0.0446
05.02.2021,3254.8,3208.0,3278.6,3174.0,252350.0,0.0174
04.02.2021,3199.2,3230.0,3250.0,3137.0,256410.00000000003,-0.0075
03.02.2021,3223.4,3225.0,3248.4,3194.6,167580.0,-0.0001
02.02.2021,3223.6,3275.0,3304.6,3170.0,297590.0,-0.006
01.02.2021,3243.0,3090.6,3255.0,3060.2,401950.0,0.0492
29.01.2021,3090.8,3031.0,3145.0,3014.0,438640.0,0.0123
28.01.2021,3053.2,2990.2,3085.2,2884.6,329560.0,0.009899999999999999
27.01.2021,3023.4,3051.0,3074.4,2952.0,333550.0,-0.0087
26.01.2021,3049.8,3124.6,3140.0,3013.8,573140.0,-0.02
25.01.2021,3112.0,3088.4,3189.6,3012.0,605310.0,0.015300000000000001
22.01.2021,3065.0,2999.4,3105.0,2942.0,543630.0,0.0217
21.01.2021,3000.0,3170.0,3170.0,2935.0,803690.0,-0.054000000000000006
20.01.2021,3171.4,3278.8,3367.0,3106.0,952170.0,-0.026000000000000002
19.01.2021,3256.2,3456.6,3511.6,3203.0,740130.0,-0.056100000000000004
18.01.2021,3449.8,3290.0,3564.0,3165.8,912010.0,0.061500000000000006
15.01.2021,3250.0,3005.0,3384.8,2980.6,682280.0,0.08039999999999999
14.01.2021,3008.2,2880.0,3048.0,2858.4,331590.0,0.0438
13.01.2021,2882.0,2919.8,2955.4,2844.8,168400.0,-0.0104
12.01.2021,2912.2,3025.0,3025.0,2808.0,426580.0,-0.0195
11.01.2021,2970.0,2900.0,3112.0,2855.2,757140.0,0.0154
08.01.2021,2925.0,2598.8,2954.8,2566.0,796300.0,0.1843
06.01.2021,2469.8,2429.0,2499.0,2425.0,213360.0,0.0064
05.01.2021,2454.0,2461.4,2514.0,2420.4,229720.0,-0.0077
04.01.2021,2473.0,2395.2,2515.8,2376.2,301690.0,0.04769999999999999
30.12.2020,2360.4,2357.6,2406.0,2342.0,150440.0,0.0001
29.12.2020,2360.2,2373.2,2399.0,2332.6,136640.0,-0.0021
28.12.2020,2365.2,2335.4,2370.0,2330.4,90230.0,0.009399999999999999
25.12.2020,2343.2,2354.0,2362.6,2325.2,61530.0,-0.005
24.12.2020,2355.0,2396.8,2396.8,2345.0,65550.0,-0.0048
23.12.2020,2366.4,2398.4,2398.4,2343.2,73360.0,-0.0042
22.12.2020,2376.4,2359.6,2420.0,2334.2,180420.0,-0.0024
21.12.2020,2382.2,2444.6,2451.8,2310.0,296830.0,-0.0197
18.12.2020,2430.0,2469.8,2469.8,2370.2,223750.0,-0.006500000000000001
17.12.2020,2446.0,2430.0,2479.0,2401.0,346310.0,0.0095
16.12.2020,2423.0,2380.0,2448.4,2351.4,280480.0,0.016399999999999998
15.12.2020,2383.8,2300.2,2398.6,2270.0,248320.0,0.0327
14.12.2020,2308.4,2297.8,2330.0,2273.8,303830.0,0.0178
11.12.2020,2268.0,2297.0,2359.2,2235.4,990740.0,-0.0016
10.12.2020,2271.6,2441.0,2493.8,2244.0,457350.0,-0.0753
09.12.2020,2456.6,2360.0,2503.6,2339.2,282900.0,0.042300000000000004
08.12.2020,2357.0,2410.0,2410.0,2311.4,167950.0,-0.0126
07.12.2020,2387.0,2414.0,2451.0,2370.8,185700.0,-0.0217
04.12.2020,2440.0,2360.0,2447.6,2325.0,152340.0,0.030299999999999997
03.12.2020,2368.2,2465.0,2473.2,2351.0,329060.0,-0.0317
02.12.2020,2445.8,2390.0,2489.0,2360.2,218230.0,0.030699999999999998
01.12.2020,2373.0,2376.0,2395.2,2321.6,164100.0,0.0055000000000000005
30.11.2020,2360.0,2289.8,2361.2,2270.0,326700.0,0.030699999999999998
27.11.2020,2289.8,2227.4,2319.6,2227.4,208560.0,0.0204
26.11.2020,2244.0,2300.0,2304.4,2202.8,197590.0,-0.0263
25.11.2020,2304.6,2212.6,2344.6,2174.0,3140000.0,0.047
24.11.2020,2201.2,2185.0,2215.0,2170.0,156180.0,-0.008199999999999999
23.11.2020,2219.4,2257.0,2291.6,2165.0,292740.0,-0.019299999999999998
20.11.2020,2263.0,2260.0,2285.0,2226.2,99040.0,0.0009
19.11.2020,2261.0,2323.0,2330.0,2260.0,136970.0,-0.017
18.11.2020,2300.0,2293.8,2331.8,2265.0,233020.0,0.0068000000000000005
17.11.2020,2284.4,2300.0,2363.0,2252.0,213570.0,-0.0067
16.11.2020,2299.8,2350.0,2462.2,2273.8,308320.0,-0.016200000000000003
13.11.2020,2337.6,2256.0,2338.0,2252.6,248070.0,0.0404
12.11.2020,2246.8,2290.0,2366.0,2210.0,320280.0,-0.0141
11.11.2020,2279.0,2082.4,2297.6,2070.0,430710.0,0.0559
10.11.2020,2158.4,2100.4,2172.4,2100.4,271360.0,0.0105
09.11.2020,2136.0,2165.0,2220.2,2111.0,356030.0,-0.0040999999999999995
06.11.2020,2144.8,2080.0,2174.8,2050.8,268030.0,0.0271
05.11.2020,2088.2,2020.0,2125.6,2010.0,493260.0,0.049800000000000004
03.11.2020,1989.2,1948.2,2021.0,1935.0,209590.0,0.0219
02.11.2020,1946.6,1872.2,1980.0,1834.2,236390.0,0.0397
30.10.2020,1872.2,1874.6,1899.8,1807.0,165710.0,-0.009899999999999999
29.10.2020,1891.0,1929.2,1984.8,1851.0,234710.0,-0.023700000000000002
28.10.2020,1937.0,1954.0,2050.0,1859.0,1020000.0,-0.014199999999999999
27.10.2020,1965.0,1858.2,2000.0,1839.2,584310.0,0.0464
26.10.2020,1877.8,1821.8,1898.0,1796.2,491180.0,0.030699999999999998
23.10.2020,1821.8,1800.0,1838.2,1791.2,136990.0,0.0091
22.10.2020,1805.4,1739.8,1812.0,1710.4,332210.0,0.0377
21.10.2020,1739.8,1686.0,1757.0,1680.4,373030.0,0.0222
20.10.2020,1702.0,1750.8,1835.2,1653.0,609790.0,-0.0366
19.10.2020,1766.6,1800.0,1839.4,1750.0,261579.99999999997,-0.0334
16.10.2020,1827.6,1874.0,1878.2,1754.8,691200.0,-0.0323
15.10.2020,1888.6,1931.0,1931.0,1850.2,198500.0,-0.0088
14.10.2020,1905.4,1860.2,1957.0,1830.2,498800.0,0.0264
13.10.2020,1856.4,1881.2,1909.4,1840.6,407630.0,-0.0219
12.10.2020,1898.0,1980.2,2019.0,1871.8,698850.0,-0.044199999999999996
09.10.2020,1985.8,1926.0,2002.0,1910.0,236690.0,0.0294
08.10.2020,1929.0,1950.2,1959.0,1924.8,206240.0,-0.0137
07.10.2020,1955.8,2004.0,2005.0,1945.0,135640.0,-0.0147
06.10.2020,1985.0,2010.0,2041.0,1980.0,171070.0,-0.009899999999999999
05.10.2020,2004.8,2002.2,2099.6,1981.2,98480.0,-0.0031
02.10.2020,2011.0,1999.8,2030.0,1986.8,97380.0,0.0025
01.10.2020,2006.0,2078.8,2078.8,1985.4,247030.0,-0.0192
30.09.2020,2045.2,2068.0,2068.0,2023.2,171050.0,-0.013999999999999999
29.09.2020,2074.2,2083.8,2088.2,2036.0,130270.00000000001,0.002
28.09.2020,2070.0,2028.4,2085.0,2015.8,307090.0,0.020499999999999997
25.09.2020,2028.4,2049.0,2055.0,1965.6,463630.0,0.0012
24.09.2020,2026.0,2105.0,2117.4,2014.4,425490.0,-0.0275
23.09.2020,2083.2,2163.4,2165.0,2058.4,1380000.0,-0.0378
22.09.2020,2165.0,1937.4,2195.0,1937.4,850640.0,0.1079
21.09.2020,1954.2,1938.0,1995.0,1910.0,278400.0,-0.0040999999999999995
18.09.2020,1962.2,1974.4,2014.0,1922.0,237500.0,-0.0005
17.09.2020,1963.2,1967.8,1997.6,1818.0,329480.0,-0.0024
16.09.2020,1968.0,1946.8,1988.0,1907.8,266110.0,0.026699999999999998
15.09.2020,1916.8,1841.0,1925.0,1831.4,272940.0,0.0471
14.09.2020,1830.6,1840.0,1857.0,1792.4,127880.0,0.0053
11.09.2020,1821.0,1840.2,1859.8,1803.6,140820.0,-0.01
10.09.2020,1839.4,1827.2,1859.6,1812.4,93630.0,0.0098
09.09.2020,1821.6,1830.0,1858.4,1800.0,212700.0,-0.0127
08.09.2020,1845.0,1900.0,1919.8,1804.0,292790.0,-0.0229
07.09.2020,1888.2,1793.2,1905.4,1774.0,246360.0,0.049
04.09.2020,1800.0,1770.2,1820.0,1721.4,181160.0,0.0067
03.09.2020,1788.0,1848.8,1866.0,1781.0,233130.0,-0.026000000000000002
02.09.2020,1835.8,1807.4,1869.6,1773.0,237290.0,0.0113
01.09.2020,1815.2,1878.0,1878.0,1795.6,335860.0,-0.041299999999999996
31.08.2020,1893.4,1884.4,1950.4,1851.6,266460.0,0.009300000000000001
28.08.2020,1876.0,1930.0,1930.0,1821.0,194640.0,-0.01
27.08.2020,1895.0,1984.8,1989.2,1870.0,256450.0,-0.0435
26.08.2020,1981.2,2040.0,2050.0,1960.8,200740.0,-0.009399999999999999
25.08.2020,2000.0,1923.2,2000.0,1923.2,212780.0,0.0401
24.08.2020,1922.8,1895.2,1930.0,1883.4,122730.0,0.0163
21.08.2020,1892.0,1827.6,1900.0,1824.6,264750.0,0.0373
20.08.2020,1824.0,1819.0,1845.0,1776.6,268410.0,0.0111
19.08.2020,1804.0,1770.2,1855.0,1751.6,338530.0,0.018500000000000003
18.08.2020,1771.2,1828.6,1834.6,1750.0,151720.0,-0.0096
17.08.2020,1788.4,1703.2,1799.0,1702.4,419870.0,0.0394
14.08.2020,1720.6,1751.4,1762.2,1690.8,316810.0,-0.0279
13.08.2020,1770.0,1818.0,1818.0,1751.0,268710.0,-0.0296
12.08.2020,1824.0,1804.0,1848.8,1757.0,227310.0,0.013300000000000001
11.08.2020,1800.0,1878.0,1888.0,1790.0,278370.0,-0.030299999999999997
10.08.2020,1856.2,1937.0,1944.2,1801.0,377350.0,-0.0327
07.08.2020,1919.0,1964.0,1964.0,1905.2,126160.0,-0.0125
06.08.2020,1943.2,1952.0,1996.2,1904.6,282190.0,-0.0042
05.08.2020,1951.4,1876.8,1952.8,1867.2,162770.0,0.0358
04.08.2020,1884.0,1889.6,1893.8,1875.0,81900.0,0.0026
03.08.2020,1879.2,1897.0,1904.2,1840.2,250540.0,0.0049
31.07.2020,1870.0,1779.8,1875.0,1770.4,188420.0,0.0516
30.07.2020,1778.2,1820.0,1828.4,1725.0,186550.0,-0.0219
29.07.2020,1818.0,1808.0,1844.0,1794.0,187620.0,0.0074
28.07.2020,1804.6,1832.0,1909.6,1800.8,330980.0,-0.015
27.07.2020,1832.0,1787.6,1845.4,1752.2,200880.0,0.0316
24.07.2020,1775.8,1721.2,1782.0,1711.8,100440.0,0.0113
23.07.2020,1756.0,1793.6,1794.0,1706.8,233970.0,-0.0079
22.07.2020,1770.0,1729.8,1785.0,1724.4,181470.0,0.0275
21.07.2020,1722.6,1650.2,1750.0,1640.0,186240.0,0.037000000000000005
20.07.2020,1661.2,1664.8,1672.0,1632.2,131530.0,0.0033
17.07.2020,1655.8,1625.0,1682.6,1605.2,219810.0,0.0248
16.07.2020,1615.8,1583.0,1617.0,1570.4,105260.0,0.0207
15.07.2020,1583.0,1543.0,1585.0,1536.2,108760.0,0.0336
14.07.2020,1531.6,1522.6,1554.8,1508.0,154320.0,-0.0058
13.07.2020,1540.6,1509.8,1551.2,1500.0,128370.0,0.0241
10.07.2020,1504.4,1460.2,1507.8,1445.0,116210.0,0.0233
09.07.2020,1470.2,1463.0,1489.0,1452.2,68820.0,0.006999999999999999
08.07.2020,1460.0,1472.0,1496.4,1436.0,74080.0,-0.020099999999999996
07.07.2020,1490.0,1480.4,1516.8,1480.4,121230.0,-0.0092
06.07.2020,1503.8,1481.0,1515.0,1456.0,171620.0,0.032799999999999996
03.07.2020,1456.0,1426.2,1472.6,1426.2,74890.0,0.0062
02.07.2020,1447.0,1440.2,1447.2,1402.0,163770.0,0.006500000000000001
30.06.2020,1437.6,1469.8,1488.8,1407.6,270580.0,-0.013999999999999999
29.06.2020,1458.0,1450.0,1479.0,1413.6,285580.0,-0.0029
26.06.2020,1462.2,1457.6,1507.8,1453.0,249770.0,0.0033
25.06.2020,1457.4,1420.0,1476.4,1410.4,328280.0,0.0148
23.06.2020,1436.2,1380.0,1456.8,1374.0,394280.0,0.046900000000000004
22.06.2020,1371.8,1336.0,1378.4,1250.0,263700.0,0.0273
19.06.2020,1335.4,1344.0,1355.2,1329.6,106130.0,0.0003
18.06.2020,1335.0,1308.2,1336.8,1306.0,201520.0,0.0194
17.06.2020,1309.6,1319.6,1328.0,1296.4,205310.0,-0.0024
16.06.2020,1312.8,1239.2,1330.0,1235.4,737100.0,0.050199999999999995
15.06.2020,1250.0,1180.2,1278.8,1139.8,347980.0,0.0373
11.06.2020,1205.0,1197.6,1212.8,1172.2,237640.0,-0.0051
10.06.2020,1211.2,1205.2,1224.0,1191.0,156400.0,-0.0023
09.06.2020,1214.0,1256.0,1259.4,1180.0,336130.0,-0.0263
08.06.2020,1246.8,1230.0,1262.4,1216.4,268500.0,0.02
05.06.2020,1222.4,1217.0,1229.0,1206.0,158480.0,0.0060999999999999995
04.06.2020,1215.0,1242.8,1250.0,1209.0,278030.0,-0.0167
03.06.2020,1235.6,1259.0,1276.8,1231.0,343390.0,-0.0183
02.06.2020,1258.6,1212.0,1261.2,1176.0,469750.0,0.0455
01.06.2020,1203.8,1259.8,1268.6,1186.0,434550.0,-0.0393
29.05.2020,1253.0,1273.0,1279.8,1202.2,2330000.0,-0.0159
28.05.2020,1273.2,1249.8,1293.8,1249.8,600490.0,0.022000000000000002
27.05.2020,1245.8,1222.0,1277.8,1211.0,493560.0,0.020099999999999996
26.05.2020,1221.2,1226.0,1231.0,1201.0,422160.0,0.0064
25.05.2020,1213.4,1199.0,1232.2,1184.8,281300.0,0.024300000000000002
22.05.2020,1184.6,1154.2,1186.4,1137.0,356580.0,0.0149
21.05.2020,1167.2,1147.6,1178.6,1133.2,588040.0,0.020099999999999996
20.05.2020,1144.2,1108.4,1150.6,1092.0,472120.0,0.0375
19.05.2020,1102.8,1090.0,1102.8,1065.6,396640.0,0.0192
18.05.2020,1082.0,1080.0,1092.4,1073.0,447590.0,0.011200000000000002
15.05.2020,1070.0,1084.0,1084.6,1050.2,407600.0,0.0194
14.05.2020,1049.6,1047.8,1064.2,1030.0,406750.0,0.0085
13.05.2020,1040.8,1043.2,1071.8,1009.0,664420.0,-0.0021
12.05.2020,1043.0,1044.6,1048.6,1025.4,234470.0,0.0044
08.05.2020,1038.4,1049.6,1049.6,1027.0,146970.0,0.0017000000000000001
07.05.2020,1036.6,1017.6,1048.8,1013.2,333710.0,0.0215
06.05.2020,1014.8,1029.6,1038.8,1011.2,204170.0,-0.009000000000000001
05.05.2020,1024.0,1030.0,1037.8,1013.4,160670.0,0.0039000000000000003
04.05.2020,1020.0,1006.0,1025.4,994.8,287280.0,-0.0049
30.04.2020,1025.0,1034.8,1037.8,987.0,659980.0,0.0
29.04.2020,1025.0,1000.2,1031.8,989.6,672310.0,0.026000000000000002
28.04.2020,999.0,940.0,1004.6,936.0,1030000.0,0.06280000000000001
27.04.2020,940.0,930.8,946.0,874.2,689190.0,0.0398
24.04.2020,904.0,856.2,927.4,854.6,712360.0,0.0331
23.04.2020,875.0,869.0,882.2,851.2,778280.0,0.019799999999999998
22.04.2020,858.0,836.2,860.6,833.2,491980.0,0.0178
21.04.2020,843.0,861.0,867.0,830.0,828530.0,-0.0366
20.04.2020,875.0,904.0,905.0,865.0,373140.0,-0.0223
17.04.2020,895.0,915.0,922.8,877.8,504350.0,0.0045000000000000005
16.04.2020,891.0,930.0,930.0,891.0,576380.0,-0.024300000000000002
15.04.2020,913.2,941.4,948.8,908.2,483470.0,-0.0285
14.04.2020,940.0,925.0,955.0,919.2,606790.0,0.0302
13.04.2020,912.4,936.0,945.6,909.8,354300.0,-0.03
10.04.2020,940.6,939.0,941.8,916.0,230700.0,0.0103
09.04.2020,931.0,980.0,1002.0,920.0,1030000.0,-0.0292
08.04.2020,959.0,940.4,967.0,915.0,862200.0,0.0029
07.04.2020,956.2,969.0,1038.0,938.6,1520000.0,0.006500000000000001
06.04.2020,950.0,870.2,958.6,864.6,845460.0,0.10210000000000001
03.04.2020,862.0,840.0,868.6,830.2,593020.0,0.0323
02.04.2020,835.0,879.0,886.0,818.0,912610.0,-0.03
01.04.2020,860.8,878.0,898.8,860.0,364090.0,-0.0436
31.03.2020,900.0,855.0,918.0,835.0,767230.0,0.08199999999999999
30.03.2020,831.8,882.0,882.0,824.4,597950.0,-0.056900000000000006
27.03.2020,882.0,939.0,970.0,882.0,202420.0,-0.0617
26.03.2020,940.0,955.0,975.0,913.6,343300.0,-0.0212
25.03.2020,960.4,996.0,1030.0,936.2,406140.0,0.0092
24.03.2020,951.6,972.0,1010.0,934.6,302920.0,0.0296
23.03.2020,924.2,945.0,966.0,890.4,432350.0,-0.0636
20.03.2020,987.0,980.4,1021.6,958.0,333010.0,0.0567
19.03.2020,934.0,894.0,945.0,810.0,426630.0,0.0689
18.03.2020,873.8,939.8,939.8,851.4,469830.0,-0.06509999999999999
17.03.2020,934.6,1000.2,1029.0,920.0,307970.0,-0.0754
16.03.2020,1010.8,1017.2,1057.0,956.0,428440.0,-0.0327
13.03.2020,1045.0,989.0,1088.0,910.4,458030.0,0.08789999999999999
12.03.2020,960.6,1083.0,1145.4,960.6,593340.0,-0.177
11.03.2020,1167.2,1157.8,1250.0,1125.0,846020.0,0.032
10.03.2020,1131.0,1005.0,1220.2,952.0,626350.0,0.0129
06.03.2020,1116.6,1400.4,1427.2,1053.4,899770.0,-0.2466
05.03.2020,1482.0,1524.0,1524.0,1432.2,197020.0,0.019
04.03.2020,1454.4,1401.4,1462.4,1345.8,203070.0,0.0245
03.03.2020,1419.6,1420.0,1441.6,1375.0,244010.0,-0.0124
02.03.2020,1437.4,1448.6,1514.2,1371.0,459640.0,-0.025
28.02.2020,1474.2,1500.0,1530.0,1361.0,416140.0,-0.0495
27.02.2020,1551.0,1573.0,1615.8,1530.0,190780.0,-0.0277
26.02.2020,1595.2,1567.0,1602.0,1511.2,343060.0,0.0029
25.02.2020,1590.6,1580.0,1614.8,1551.0,151920.0,-0.025099999999999997
21.02.2020,1631.6,1641.8,1659.0,1611.2,72200.0,-0.0078000000000000005
20.02.2020,1644.4,1628.0,1663.8,1619.2,89190.0,0.0121
19.02.2020,1624.8,1615.8,1624.8,1600.2,54880.0,0.013000000000000001
18.02.2020,1604.0,1601.0,1636.0,1590.2,89950.0,-0.0039000000000000003
17.02.2020,1610.2,1638.8,1639.4,1600.0,128860.00000000001,-0.0241
14.02.2020,1650.0,1665.8,1673.6,1615.2,89670.0,-0.004699999999999999
13.02.2020,1657.8,1671.0,1680.0,1652.2,72840.0,-0.0083
12.02.2020,1671.6,1699.6,1699.6,1648.0,95960.0,-0.0078000000000000005
11.02.2020,1684.8,1690.0,1698.0,1654.2,182800.0,0.0085
10.02.2020,1670.6,1673.6,1699.8,1661.0,176480.0,0.0052
07.02.2020,1662.0,1650.0,1670.0,1638.8,139800.0,0.0102
06.02.2020,1645.2,1660.0,1676.8,1632.4,218750.0,0.0060999999999999995
05.02.2020,1635.2,1609.6,1656.6,1592.6,356180.0,0.0282
04.02.2020,1590.4,1567.0,1616.8,1545.4,215600.0,0.0294
03.02.2020,1545.0,1520.4,1565.0,1484.2,198890.0,0.019799999999999998
31.01.2020,1515.0,1490.0,1527.8,1470.0,91160.0,0.0194
30.01.2020,1486.2,1477.6,1487.2,1444.0,50910.0,0.0124
29.01.2020,1468.0,1473.2,1476.8,1428.4,230030.0,0.0124
28.01.2020,1450.0,1391.2,1456.6,1391.2,185650.0,0.0363
27.01.2020,1399.2,1427.6,1439.2,1386.0,249090.0,-0.026600000000000002
24.01.2020,1437.4,1438.4,1467.8,1426.2,247020.0,0.0007000000000000001
23.01.2020,1436.4,1440.0,1458.4,1420.2,335090.0,-0.0058
22.01.2020,1444.8,1460.6,1467.6,1442.8,346410.0,-0.0022
21.01.2020,1448.0,1472.0,1472.6,1437.2,290700.0,-0.0171
20.01.2020,1473.2,1490.0,1490.0,1451.8,171560.0,0.0055000000000000005
17.01.2020,1465.2,1451.0,1467.0,1444.4,173430.0,0.0091
16.01.2020,1452.0,1470.0,1490.2,1441.2,696390.0,-0.0012
15.01.2020,1453.8,1437.4,1473.2,1414.8,439150.0,0.0192
14.01.2020,1426.4,1440.8,1450.0,1405.2,405080.0,0.0
13.01.2020,1426.4,1384.6,1434.4,1384.4,309450.0,0.02
10.01.2020,1398.4,1355.2,1401.0,1355.0,73350.0,0.0231
09.01.2020,1366.8,1350.2,1368.0,1333.8,65030.0,0.0123
08.01.2020,1350.2,1315.2,1350.2,1312.4,69110.0,0.0207
06.01.2020,1322.8,1340.0,1349.4,1312.0,54390.0,-0.0072
03.01.2020,1332.4,1317.2,1353.0,1317.2,86040.0,0.016200000000000003
30.12.2019,1311.2,1317.0,1335.8,1301.4,38120.0,0.002
27.12.2019,1308.6,1319.8,1339.0,1295.2,65860.0,0.0028000000000000004
26.12.2019,1305.0,1301.0,1310.0,1281.0,25840.0,-0.0067
25.12.2019,1313.8,1313.0,1346.0,1300.0,36180.0,0.0029
24.12.2019,1310.0,1302.0,1310.0,1300.0,42680.0,0.0040999999999999995
23.12.2019,1304.6,1285.6,1309.6,1285.6,56850.0,0.0148
20.12.2019,1285.6,1333.8,1333.8,1285.0,183510.0,-0.0406
19.12.2019,1340.0,1325.8,1340.0,1317.4,200150.0,0.013300000000000001
18.12.2019,1322.4,1308.8,1327.6,1301.4,117310.0,0.0175
17.12.2019,1299.6,1304.8,1314.0,1290.8,90450.0,-0.0003
16.12.2019,1300.0,1266.0,1305.0,1251.0,244470.0,0.034
13.12.2019,1257.2,1249.0,1257.8,1204.4,92560.0,0.018000000000000002
12.12.2019,1235.0,1244.0,1245.0,1224.2,176040.0,0.0002
11.12.2019,1234.8,1243.0,1264.8,1219.0,102810.0,-0.0032
10.12.2019,1238.8,1230.0,1248.0,1221.0,158240.0,0.0085
09.12.2019,1228.4,1207.8,1230.0,1180.4,89710.0,0.0356
06.12.2019,1186.2,1169.8,1192.0,1167.0,125110.0,0.0158
05.12.2019,1167.8,1144.6,1174.2,1137.2,72010.0,0.024399999999999998
04.12.2019,1140.0,1135.0,1140.0,1126.6,34010.0,0.0062
03.12.2019,1133.0,1161.0,1179.8,1130.0,127200.0,-0.0369
02.12.2019,1176.4,1177.0,1199.6,1174.8,62360.0,-0.0079
29.11.2019,1185.8,1204.6,1205.0,1174.6,87850.0,-0.006999999999999999
28.11.2019,1194.2,1207.6,1207.6,1191.0,117220.0,-0.0073
27.11.2019,1203.0,1208.0,1208.2,1199.8,70640.0,0.003
26.11.2019,1199.4,1207.2,1212.0,1197.0,128229.99999999999,-0.0055000000000000005
25.11.2019,1206.0,1209.2,1220.2,1200.8,52070.0,0.0033
22.11.2019,1202.0,1219.4,1219.6,1196.4,80220.0,-0.0073
21.11.2019,1210.8,1219.8,1221.4,1206.0,63450.0,-0.0040999999999999995
20.11.2019,1215.8,1250.0,1252.0,1215.0,126020.0,-0.0203
19.11.2019,1241.0,1274.0,1274.0,1235.6,128520.00000000001,-0.011200000000000002
18.11.2019,1255.0,1274.8,1275.8,1250.2,43930.0,0.004
15.11.2019,1250.0,1276.0,1312.4,1249.2,33710.0,-0.0089
14.11.2019,1261.2,1248.6,1276.4,1235.2,84600.0,0.0176
13.11.2019,1239.4,1248.6,1248.6,1231.6,33640.0,0.0031
12.11.2019,1235.6,1228.0,1242.0,1223.4,27390.0,0.0111
11.11.2019,1222.0,1229.8,1230.0,1216.2,7090.0,-0.0007000000000000001
08.11.2019,1222.8,1226.2,1251.2,1216.0,20250.0,-0.0024
07.11.2019,1225.8,1220.0,1225.8,1201.2,38220.0,0.014199999999999999
06.11.2019,1208.6,1209.8,1214.0,1190.0,21720.0,0.0088
05.11.2019,1198.0,1217.8,1220.0,1197.4,61350.0,-0.0132
01.11.2019,1214.0,1218.4,1219.0,1212.6,16630.0,-0.0016
31.10.2019,1216.0,1221.4,1223.8,1210.2,19330.0,-0.0008
30.10.2019,1217.0,1225.0,1227.0,1212.8,36690.0,-0.0023
29.10.2019,1219.8,1202.0,1226.0,1200.2,68380.0,0.011399999999999999
